{
  "project_info": {
    "project_number": "900314936887",
    "firebase_url": "https://learnwith.firebaseio.com",
    "project_id": "learnwithyoutube",
    "storage_bucket": "learnwithyoutube.appspot.com"
  },
  "client": [
    {
      "client_info": {
        "mobilesdk_app_id": "1:900314936887:android:04a3e2996c06970e7971b2",
        "android_client_info": {
          "package_name": "com.maslow.learnwithyoutube_flutterapp"
        }
      },
      "oauth_client": [
        {
          "client_id": "900314936887-i8b5ut00nrd43nfhr6njqhu0mluf2arr.apps.googleusercontent.com",
          "client_type": 1,
          "android_info": {
            "package_name": "com.maslow.learnwithyoutube_flutterapp",
            "certificate_hash": "6e17388af86b0042d941d2f8b16e561e34839e19"
          }
        },
        {
          "client_id": "900314936887-evvissa97i1mcuf126e5032cn6dlkfi2.apps.googleusercontent.com",
          "client_type": 3
        }
      ],
      "api_key": [
        {
          "current_key": "AIzaSyBeS9bkp20mFlDx9yzA379zGCeDjD2fzek"
        }
      ],
      "services": {
        "appinvite_service": {
          "other_platform_oauth_client": [
            {
              "client_id": "900314936887-evvissa97i1mcuf126e5032cn6dlkfi2.apps.googleusercontent.com",
              "client_type": 3
            }
          ]
        }
      }
    }
  ],
  "configuration_version": "1"
}